1,13,https://bit.ly/2XiwRpn
2,10,https://bit.ly/2Rmnkbo
3,26,https://bit.ly/2x0MS4B
4,44,https://bit.ly/2KWr5Dn
5,42,https://bit.ly/2WbBDkJ
6,4,https://bit.ly/2XiwRpn
7,3,https://bit.ly/2Rmnkbo
8,14,https://bit.ly/2x0MS4B
9,11,https://bit.ly/2KWr5Dn
10,4,https://bit.ly/2WbBDkJ
11,42,https://bit.ly/2XiwRpn
12,28,https://bit.ly/2Rmnkbo
13,44,https://bit.ly/2x0MS4B
14,14,https://bit.ly/2KWr5Dn
15,30,https://bit.ly/2WbBDkJ
16,42,https://bit.ly/2XiwRpn
17,45,https://bit.ly/2Rmnkbo
18,47,https://bit.ly/2x0MS4B
19,14,https://bit.ly/2KWr5Dn
20,3,https://bit.ly/2WbBDkJ
21,7,https://bit.ly/2XiwRpn
22,32,https://bit.ly/2Rmnkbo
23,44,https://bit.ly/2x0MS4B
24,34,https://bit.ly/2KWr5Dn
25,38,https://bit.ly/2WbBDkJ
26,32,https://bit.ly/2XiwRpn
27,50,https://bit.ly/2Rmnkbo
28,12,https://bit.ly/2x0MS4B
29,10,https://bit.ly/2KWr5Dn
30,27,https://bit.ly/2WbBDkJ
31,3,https://bit.ly/2XiwRpn
32,17,https://bit.ly/2Rmnkbo
33,18,https://bit.ly/2x0MS4B
34,33,https://bit.ly/2KWr5Dn
35,28,https://bit.ly/2WbBDkJ
36,42,https://bit.ly/2XiwRpn
37,14,https://bit.ly/2Rmnkbo
38,36,https://bit.ly/2x0MS4B
39,34,https://bit.ly/2KWr5Dn
40,49,https://bit.ly/2WbBDkJ
41,4,https://bit.ly/2XiwRpn
42,37,https://bit.ly/2Rmnkbo
43,18,https://bit.ly/2x0MS4B
44,37,https://bit.ly/2KWr5Dn
45,19,https://bit.ly/2WbBDkJ
46,36,https://bit.ly/2XiwRpn
47,40,https://bit.ly/2Rmnkbo
48,1,https://bit.ly/2x0MS4B
49,45,https://bit.ly/2KWr5Dn
50,42,https://bit.ly/2WbBDkJ
51,6,https://bit.ly/2XiwRpn
52,30,https://bit.ly/2Rmnkbo
53,9,https://bit.ly/2x0MS4B
54,8,https://bit.ly/2KWr5Dn
55,18,https://bit.ly/2WbBDkJ
56,7,https://bit.ly/2XiwRpn
57,42,https://bit.ly/2Rmnkbo
58,31,https://bit.ly/2x0MS4B
59,19,https://bit.ly/2KWr5Dn
60,20,https://bit.ly/2WbBDkJ
61,39,https://bit.ly/2XiwRpn
62,22,https://bit.ly/2Rmnkbo
63,31,https://bit.ly/2x0MS4B
64,25,https://bit.ly/2KWr5Dn
65,4,https://bit.ly/2WbBDkJ
66,34,https://bit.ly/2XiwRpn
67,27,https://bit.ly/2Rmnkbo
68,35,https://bit.ly/2x0MS4B
69,21,https://bit.ly/2KWr5Dn
70,39,https://bit.ly/2WbBDkJ
71,9,https://bit.ly/2XiwRpn
72,26,https://bit.ly/2Rmnkbo
73,3,https://bit.ly/2x0MS4B
74,46,https://bit.ly/2KWr5Dn
75,47,https://bit.ly/2WbBDkJ
76,12,https://bit.ly/2XiwRpn
77,50,https://bit.ly/2Rmnkbo
78,2,https://bit.ly/2x0MS4B
79,25,https://bit.ly/2KWr5Dn
80,9,https://bit.ly/2WbBDkJ
81,50,https://bit.ly/2XiwRpn
82,50,https://bit.ly/2Rmnkbo
83,36,https://bit.ly/2x0MS4B
84,16,https://bit.ly/2KWr5Dn
85,16,https://bit.ly/2WbBDkJ
86,4,https://bit.ly/2XiwRpn
87,35,https://bit.ly/2Rmnkbo
88,26,https://bit.ly/2x0MS4B
89,27,https://bit.ly/2KWr5Dn
90,15,https://bit.ly/2WbBDkJ
91,10,https://bit.ly/2XiwRpn
92,29,https://bit.ly/2Rmnkbo
93,25,https://bit.ly/2x0MS4B
94,21,https://bit.ly/2KWr5Dn
95,20,https://bit.ly/2WbBDkJ
96,50,https://bit.ly/2XiwRpn
97,36,https://bit.ly/2Rmnkbo
98,3,https://bit.ly/2x0MS4B
99,15,https://bit.ly/2KWr5Dn
100,30,https://bit.ly/2WbBDkJ
101,26,https://bit.ly/2XiwRpn
102,6,https://bit.ly/2Rmnkbo
103,2,https://bit.ly/2x0MS4B
104,15,https://bit.ly/2KWr5Dn
105,31,https://bit.ly/2WbBDkJ
106,7,https://bit.ly/2XiwRpn
107,45,https://bit.ly/2Rmnkbo
108,38,https://bit.ly/2x0MS4B
109,27,https://bit.ly/2KWr5Dn
110,43,https://bit.ly/2WbBDkJ
111,31,https://bit.ly/2XiwRpn
112,28,https://bit.ly/2Rmnkbo
113,36,https://bit.ly/2x0MS4B
114,15,https://bit.ly/2KWr5Dn
115,18,https://bit.ly/2WbBDkJ
116,6,https://bit.ly/2XiwRpn
117,42,https://bit.ly/2Rmnkbo
118,14,https://bit.ly/2x0MS4B
119,6,https://bit.ly/2KWr5Dn
120,30,https://bit.ly/2WbBDkJ
121,48,https://bit.ly/2XiwRpn
122,47,https://bit.ly/2Rmnkbo
123,25,https://bit.ly/2x0MS4B
124,19,https://bit.ly/2KWr5Dn
125,30,https://bit.ly/2WbBDkJ
126,39,https://bit.ly/2XiwRpn
127,11,https://bit.ly/2Rmnkbo
128,38,https://bit.ly/2x0MS4B
129,45,https://bit.ly/2KWr5Dn
130,23,https://bit.ly/2WbBDkJ
131,33,https://bit.ly/2XiwRpn
132,2,https://bit.ly/2Rmnkbo
133,19,https://bit.ly/2x0MS4B
134,21,https://bit.ly/2KWr5Dn
135,32,https://bit.ly/2WbBDkJ
136,38,https://bit.ly/2XiwRpn
137,48,https://bit.ly/2Rmnkbo
138,14,https://bit.ly/2x0MS4B
139,44,https://bit.ly/2KWr5Dn
140,36,https://bit.ly/2WbBDkJ
141,43,https://bit.ly/2XiwRpn
142,23,https://bit.ly/2Rmnkbo
143,19,https://bit.ly/2x0MS4B
144,20,https://bit.ly/2KWr5Dn
145,26,https://bit.ly/2WbBDkJ
146,4,https://bit.ly/2XiwRpn
147,47,https://bit.ly/2Rmnkbo
148,8,https://bit.ly/2x0MS4B
149,48,https://bit.ly/2KWr5Dn
150,1,https://bit.ly/2WbBDkJ
151,28,https://bit.ly/2XiwRpn
152,34,https://bit.ly/2Rmnkbo
153,50,https://bit.ly/2x0MS4B
154,3,https://bit.ly/2KWr5Dn
155,36,https://bit.ly/2WbBDkJ
156,21,https://bit.ly/2XiwRpn
157,17,https://bit.ly/2Rmnkbo
158,34,https://bit.ly/2x0MS4B
159,17,https://bit.ly/2KWr5Dn
160,22,https://bit.ly/2WbBDkJ
161,13,https://bit.ly/2XiwRpn
162,23,https://bit.ly/2Rmnkbo
163,41,https://bit.ly/2x0MS4B
164,42,https://bit.ly/2KWr5Dn
165,13,https://bit.ly/2WbBDkJ
166,37,https://bit.ly/2XiwRpn
167,6,https://bit.ly/2Rmnkbo
168,49,https://bit.ly/2x0MS4B
169,6,https://bit.ly/2KWr5Dn
170,16,https://bit.ly/2WbBDkJ
171,15,https://bit.ly/2XiwRpn
172,17,https://bit.ly/2Rmnkbo
173,31,https://bit.ly/2x0MS4B
174,26,https://bit.ly/2KWr5Dn
175,26,https://bit.ly/2WbBDkJ
176,8,https://bit.ly/2XiwRpn
177,15,https://bit.ly/2Rmnkbo
178,5,https://bit.ly/2x0MS4B
179,2,https://bit.ly/2KWr5Dn
180,7,https://bit.ly/2WbBDkJ
181,12,https://bit.ly/2XiwRpn
182,20,https://bit.ly/2Rmnkbo
183,46,https://bit.ly/2x0MS4B
184,38,https://bit.ly/2KWr5Dn
185,47,https://bit.ly/2WbBDkJ
186,6,https://bit.ly/2XiwRpn
187,4,https://bit.ly/2Rmnkbo
188,47,https://bit.ly/2x0MS4B
189,38,https://bit.ly/2KWr5Dn
190,2,https://bit.ly/2WbBDkJ
191,4,https://bit.ly/2XiwRpn
192,32,https://bit.ly/2Rmnkbo
193,22,https://bit.ly/2x0MS4B
194,17,https://bit.ly/2KWr5Dn
195,11,https://bit.ly/2WbBDkJ
196,20,https://bit.ly/2XiwRpn
197,30,https://bit.ly/2Rmnkbo
198,10,https://bit.ly/2x0MS4B
199,47,https://bit.ly/2KWr5Dn
200,29,https://bit.ly/2WbBDkJ
201,16,https://bit.ly/2XiwRpn
202,29,https://bit.ly/2Rmnkbo
203,5,https://bit.ly/2x0MS4B
204,10,https://bit.ly/2KWr5Dn
205,46,https://bit.ly/2WbBDkJ
206,21,https://bit.ly/2XiwRpn
207,23,https://bit.ly/2Rmnkbo
208,24,https://bit.ly/2x0MS4B
209,46,https://bit.ly/2KWr5Dn
210,30,https://bit.ly/2WbBDkJ
211,49,https://bit.ly/2XiwRpn
212,18,https://bit.ly/2Rmnkbo
213,7,https://bit.ly/2x0MS4B
214,45,https://bit.ly/2KWr5Dn
215,46,https://bit.ly/2WbBDkJ
216,31,https://bit.ly/2XiwRpn
217,10,https://bit.ly/2Rmnkbo
218,15,https://bit.ly/2x0MS4B
219,20,https://bit.ly/2KWr5Dn
220,48,https://bit.ly/2WbBDkJ
221,20,https://bit.ly/2XiwRpn
222,27,https://bit.ly/2Rmnkbo
223,20,https://bit.ly/2x0MS4B
224,50,https://bit.ly/2KWr5Dn
225,26,https://bit.ly/2WbBDkJ
226,6,https://bit.ly/2XiwRpn
227,18,https://bit.ly/2Rmnkbo
228,30,https://bit.ly/2x0MS4B
229,47,https://bit.ly/2KWr5Dn
230,31,https://bit.ly/2WbBDkJ
231,5,https://bit.ly/2XiwRpn
232,19,https://bit.ly/2Rmnkbo
233,38,https://bit.ly/2x0MS4B
234,2,https://bit.ly/2KWr5Dn
235,19,https://bit.ly/2WbBDkJ
236,23,https://bit.ly/2XiwRpn
237,12,https://bit.ly/2Rmnkbo
238,19,https://bit.ly/2x0MS4B
239,45,https://bit.ly/2KWr5Dn
240,32,https://bit.ly/2WbBDkJ
241,6,https://bit.ly/2XiwRpn
242,35,https://bit.ly/2Rmnkbo
243,22,https://bit.ly/2x0MS4B
244,8,https://bit.ly/2KWr5Dn
245,19,https://bit.ly/2WbBDkJ
246,22,https://bit.ly/2XiwRpn
247,41,https://bit.ly/2Rmnkbo
248,48,https://bit.ly/2x0MS4B
249,21,https://bit.ly/2KWr5Dn
250,5,https://bit.ly/2WbBDkJ
251,42,https://bit.ly/2XiwRpn
252,41,https://bit.ly/2Rmnkbo
253,13,https://bit.ly/2x0MS4B
254,31,https://bit.ly/2KWr5Dn
255,43,https://bit.ly/2WbBDkJ
256,43,https://bit.ly/2XiwRpn
257,37,https://bit.ly/2Rmnkbo
258,43,https://bit.ly/2x0MS4B
259,8,https://bit.ly/2KWr5Dn
260,37,https://bit.ly/2WbBDkJ
261,10,https://bit.ly/2XiwRpn
262,30,https://bit.ly/2Rmnkbo
263,11,https://bit.ly/2x0MS4B
264,15,https://bit.ly/2KWr5Dn
265,13,https://bit.ly/2WbBDkJ
266,11,https://bit.ly/2XiwRpn
267,11,https://bit.ly/2Rmnkbo
268,24,https://bit.ly/2x0MS4B
269,41,https://bit.ly/2KWr5Dn
270,27,https://bit.ly/2WbBDkJ
271,45,https://bit.ly/2XiwRpn
272,2,https://bit.ly/2Rmnkbo
273,14,https://bit.ly/2x0MS4B
274,4,https://bit.ly/2KWr5Dn
275,20,https://bit.ly/2WbBDkJ
276,36,https://bit.ly/2XiwRpn
277,7,https://bit.ly/2Rmnkbo
278,7,https://bit.ly/2x0MS4B
279,28,https://bit.ly/2KWr5Dn
280,44,https://bit.ly/2WbBDkJ
281,1,https://bit.ly/2XiwRpn
282,37,https://bit.ly/2Rmnkbo
283,26,https://bit.ly/2x0MS4B
284,8,https://bit.ly/2KWr5Dn
285,44,https://bit.ly/2WbBDkJ
286,28,https://bit.ly/2XiwRpn
287,17,https://bit.ly/2Rmnkbo
288,42,https://bit.ly/2x0MS4B
289,10,https://bit.ly/2KWr5Dn
290,20,https://bit.ly/2WbBDkJ
291,34,https://bit.ly/2XiwRpn
292,21,https://bit.ly/2Rmnkbo
293,24,https://bit.ly/2x0MS4B
294,30,https://bit.ly/2KWr5Dn
295,1,https://bit.ly/2WbBDkJ
296,28,https://bit.ly/2XiwRpn
297,31,https://bit.ly/2Rmnkbo
298,13,https://bit.ly/2x0MS4B
299,45,https://bit.ly/2KWr5Dn
300,31,https://bit.ly/2WbBDkJ
